,Unnamed: 0,Unnamed: 0.1,Unnamed: 0.1.1,1,2,3,4,5,6,7,8,9,Ans
0,0,0,0,0,0,0,0,1,-1,1,0,-1,3
1,1,1,1,1,-1,0,0,-1,1,0,0,0,8
2,2,2,2,0,-1,1,0,-1,1,0,0,0,9
3,3,3,3,1,0,0,1,-1,1,-1,-1,0,3
4,4,4,4,0,-1,1,1,-1,0,0,0,0,8
5,5,5,5,0,0,-1,0,0,0,0,0,1,1
6,6,6,6,-1,1,-1,1,0,-1,-1,1,1,5
7,7,7,7,0,-1,1,1,-1,0,0,1,-1,1
8,8,8,8,1,-1,0,0,0,0,0,1,-1,5
9,9,9,9,0,0,0,-1,1,0,0,-1,1,1
10,10,10,10,0,0,-1,-1,0,0,1,1,0,9
11,11,11,11,0,-1,1,1,0,0,0,0,-1,5
12,12,12,12,0,1,-1,0,1,0,-1,0,0,8
13,13,13,13,-1,0,1,0,1,1,-1,-1,0,4
14,14,14,14,0,0,1,0,-1,0,-1,0,1,6
15,15,15,15,1,1,-1,0,0,0,0,0,-1,6
16,16,16,16,-1,0,0,1,1,0,-1,0,0,6
17,17,17,17,1,-1,1,1,-1,0,-1,0,0,8
18,18,18,18,0,0,1,-1,0,0,0,0,0,9
19,19,19,19,0,0,0,0,-1,0,-1,1,1,3
20,20,20,20,-1,-1,1,1,-1,1,-1,1,0,9
21,21,21,21,-1,0,0,1,0,0,1,0,-1,5
22,22,22,22,1,-1,0,1,1,0,-1,0,-1,6
23,23,23,23,0,0,0,1,0,0,-1,0,0,5
24,24,24,24,1,0,-1,0,0,0,0,0,0,5
25,25,25,25,0,1,0,0,0,0,0,-1,0,3
26,26,26,26,0,0,0,1,0,0,-1,0,0,5
27,27,27,27,0,0,0,0,-1,1,0,0,0,3
28,28,28,28,1,1,-1,0,-1,-1,0,1,0,9
29,29,29,29,0,0,0,0,0,1,0,0,-1,5
30,30,30,30,0,-1,0,0,1,0,0,0,0,9
31,31,31,31,0,-1,1,0,-1,0,0,1,0,9
32,32,32,32,1,-1,0,0,-1,-1,1,1,0,4
33,33,33,33,1,-1,1,0,1,0,-1,-1,0,9
34,34,34,34,-1,0,1,0,0,1,0,-1,0,9
35,35,35,35,0,-1,-1,0,0,0,1,1,0,9
36,36,36,36,-1,-1,0,0,0,1,-1,1,1,3
37,37,37,37,0,0,0,-1,0,1,-1,1,0,5
38,38,38,38,0,1,0,1,0,-1,1,-1,-1,1
39,39,39,39,1,0,0,0,0,-1,-1,1,0,5
40,40,40,40,0,0,0,1,-1,1,-1,1,-1,1
41,41,41,41,1,0,1,-1,-1,0,0,0,0,2
42,42,42,42,0,0,-1,0,0,0,0,1,0,5
43,43,43,43,1,0,0,0,1,-1,0,0,-1,3
44,44,44,44,0,0,1,0,-1,0,0,0,0,7
45,45,45,45,0,0,1,1,0,-1,1,-1,-1,1
46,46,46,46,0,-1,0,0,1,1,-1,0,0,4
47,47,47,47,0,0,0,0,1,0,0,0,-1,1
48,48,48,48,-1,0,-1,1,1,-1,1,-1,1,2
49,49,49,49,0,1,-1,0,0,0,0,0,0,5
50,50,50,50,0,0,-1,0,1,0,0,0,0,9
51,51,51,51,0,0,0,1,1,-1,0,0,-1,3
52,52,52,52,1,0,0,0,0,-1,0,0,0,5
53,53,53,53,-1,1,0,1,-1,1,-1,-1,1,3
54,54,54,54,1,0,1,0,-1,-1,-1,0,1,4
55,55,55,55,-1,0,1,1,0,-1,0,-1,1,5
56,56,56,56,-1,-1,1,0,0,1,0,0,0,9
57,57,57,57,1,-1,1,-1,0,-1,1,-1,1,5
58,58,58,58,1,-1,0,1,0,0,-1,1,-1,5
59,59,59,59,0,0,0,1,0,-1,1,-1,0,1
60,60,60,60,0,1,1,-1,1,-1,0,0,-1,1
61,61,61,61,0,0,1,0,0,-1,0,0,0,7
62,62,62,62,0,1,-1,-1,0,-1,1,1,0,5
63,63,63,63,0,0,-1,-1,0,1,1,0,0,5
64,64,64,64,-1,0,1,0,1,0,-1,0,0,4
65,65,65,65,0,0,-1,0,0,0,0,1,0,5
66,66,66,66,0,0,0,1,0,0,-1,0,0,5
67,67,67,67,-1,0,0,1,-1,1,1,-1,0,9
68,68,68,68,1,0,-1,0,1,0,0,-1,0,9
69,69,69,69,1,0,0,0,0,-1,-1,1,0,5
70,70,70,70,0,0,1,1,-1,-1,-1,0,1,2
71,71,71,71,0,-1,0,0,0,1,0,1,-1,5
72,72,72,72,-1,0,0,1,0,-1,1,0,0,5
73,73,73,73,0,-1,0,0,1,0,0,0,0,9
74,74,74,74,1,0,-1,1,0,0,-1,0,0,5
75,75,75,75,1,-1,1,0,0,1,-1,-1,0,9
76,76,76,76,0,0,0,-1,-1,0,1,0,1,8
77,77,77,77,-1,0,0,0,1,0,0,0,0,3
78,78,78,78,0,1,0,1,-1,0,1,-1,-1,1
79,79,79,79,0,0,0,1,0,0,-1,0,0,5
80,80,80,80,0,0,0,0,0,1,-1,-1,1,3
81,81,81,81,0,1,0,1,0,-1,0,0,-1,1
82,82,82,82,0,0,0,0,0,0,0,-1,1,5
83,83,83,83,1,1,0,0,-1,-1,-1,0,1,3
84,84,84,84,-1,0,0,-1,0,0,1,1,0,9
85,85,85,85,-1,1,1,1,-1,-1,-1,0,1,8
86,86,86,86,-1,1,0,1,0,1,0,-1,-1,5
87,87,87,87,0,1,0,0,1,0,-1,-1,0,9
88,88,88,88,0,1,0,-1,0,0,0,1,-1,5
89,89,89,89,-1,0,0,0,0,0,1,0,0,5
90,90,90,90,0,-1,0,0,0,0,0,0,1,5
91,91,91,91,-1,-1,0,0,0,0,1,1,0,3
92,92,92,92,1,0,-1,0,0,0,0,0,0,9
93,93,93,93,-1,1,1,0,0,0,0,0,-1,5
94,94,94,94,0,0,0,1,0,-1,0,0,0,5
95,95,95,95,0,0,0,1,1,0,-1,-1,0,6
96,96,96,96,0,-1,0,0,0,-1,1,0,1,8
97,97,97,97,0,1,1,-1,-1,1,1,-1,-1,1
98,98,98,98,-1,0,0,0,0,0,0,1,0,5
99,99,99,99,0,0,0,0,0,0,1,0,-1,3
100,100,100,100,0,1,-1,0,0,0,0,0,0,5
101,101,101,101,0,0,1,0,-1,1,1,-1,-1,2
102,102,102,102,0,0,1,0,0,0,0,-1,0,5
103,103,103,103,0,0,0,-1,1,0,0,1,-1,2
104,104,104,104,0,0,0,0,-1,0,-1,1,1,3
105,105,105,105,0,-1,0,0,1,1,-1,1,-1,4
106,106,106,106,0,0,1,0,0,-1,0,0,0,5
107,107,107,107,0,-1,0,0,0,1,0,0,0,5
108,108,108,108,1,0,0,1,0,-1,-1,0,0,9
109,109,109,109,-1,0,0,0,1,0,1,-1,0,3
110,110,110,110,-1,0,0,1,0,1,-1,-1,1,5
111,111,111,111,-1,-1,0,0,1,0,0,1,0,3
112,112,112,112,1,-1,0,0,-1,-1,0,1,1,4
113,113,113,113,0,-1,-1,1,0,0,1,-1,1,1
114,114,114,114,0,0,0,-1,0,0,0,0,1,5
115,115,115,115,0,1,-1,0,1,-1,0,-1,1,1
116,116,116,116,-1,-1,1,0,1,0,0,0,0,7
117,117,117,117,0,0,1,-1,1,0,-1,-1,1,1
118,118,118,118,-1,0,-1,1,1,-1,1,-1,1,2
119,119,119,119,0,1,1,-1,1,-1,0,0,-1,1
120,120,120,120,-1,-1,1,1,0,0,0,0,0,5
121,121,121,121,0,1,-1,0,0,0,0,0,0,9
122,122,122,122,0,0,0,-1,0,0,1,0,0,5
123,123,123,123,1,-1,0,1,1,0,0,-1,-1,6
124,124,124,124,1,-1,1,1,0,0,-1,0,-1,5
125,125,125,125,1,1,0,-1,0,-1,0,1,-1,5
126,126,126,126,0,0,0,-1,-1,0,0,1,1,7
127,127,127,127,1,0,-1,0,-1,1,0,-1,1,2
128,128,128,128,0,0,-1,0,0,0,0,1,0,5
129,129,129,129,1,0,0,0,0,0,-1,0,0,5
130,130,130,130,0,0,1,0,0,0,-1,0,0,9
131,131,131,131,0,0,0,1,0,0,-1,-1,1,3
132,132,132,132,0,-1,0,0,0,0,1,0,0,9
133,133,133,133,1,0,-1,0,1,0,0,0,-1,6
134,134,134,134,-1,0,0,0,0,0,0,1,0,2
135,135,135,135,0,-1,0,0,0,0,1,0,0,3
136,136,136,136,-1,1,1,0,0,0,1,-1,-1,5
137,137,137,137,0,0,1,0,-1,0,0,0,0,7
138,138,138,138,0,0,1,-1,0,0,0,0,0,7
139,139,139,139,0,-1,-1,0,1,0,0,1,0,1
140,140,140,140,0,0,0,1,-1,0,0,0,0,1
141,141,141,141,1,0,0,-1,1,0,0,0,-1,3
142,142,142,142,0,1,0,0,0,0,-1,0,0,5
143,143,143,143,0,0,0,1,0,1,-1,-1,0,5
144,144,144,144,0,0,0,-1,0,0,1,0,0,3
145,145,145,145,0,1,1,-1,0,-1,-1,1,0,5
146,146,146,146,-1,1,0,0,1,0,0,-1,0,3
147,147,147,147,0,0,1,0,1,0,-1,0,-1,8
148,148,148,148,-1,0,0,0,1,0,0,1,-1,2
149,149,149,149,-1,0,0,1,0,0,0,0,0,6
150,150,150,150,1,-1,1,0,-1,-1,0,1,0,7
151,151,151,151,-1,0,1,1,0,0,0,-1,0,6
152,152,152,152,0,0,0,0,0,0,0,0,0,7
153,153,153,153,0,0,-1,1,-1,-1,1,0,1,1
154,154,154,154,1,0,0,0,0,-1,1,-1,0,4
155,155,155,155,1,1,0,0,-1,0,1,-1,-1,4
156,156,156,156,-1,0,0,1,1,0,-1,1,-1,6
157,157,157,157,0,0,0,0,0,1,0,-1,0,5
158,158,158,158,0,0,0,0,-1,1,-1,0,1,3
159,159,159,159,0,0,0,1,1,-1,-1,0,0,2
160,160,160,160,1,0,-1,0,0,0,0,0,0,9
161,161,161,161,-1,-1,0,0,1,0,0,1,0,9
162,162,162,162,0,0,0,0,1,0,-1,1,-1,2
163,163,163,163,1,0,0,0,0,-1,0,0,0,9
164,164,164,164,0,0,1,0,0,-1,0,0,0,7
165,165,165,165,0,1,0,0,0,1,-1,0,-1,8
166,166,166,166,-1,-1,0,-1,1,1,0,0,1,3
167,167,167,167,0,0,0,0,0,-1,1,0,0,1
168,168,168,168,0,0,0,-1,0,0,1,-1,1,3
169,169,169,169,0,0,0,-1,0,0,1,0,0,3
170,170,170,170,0,1,0,-1,0,0,0,0,0,5
171,171,171,171,0,0,1,0,0,0,0,-1,0,5
172,172,172,172,-1,1,-1,1,-1,1,1,-1,0,9
173,173,173,173,0,0,0,0,0,-1,0,0,1,1
174,174,174,174,-1,1,-1,1,0,1,-1,1,-1,5
175,175,175,175,-1,1,0,0,1,-1,-1,0,1,8
176,176,176,176,0,1,0,-1,0,0,0,0,0,5
177,177,177,177,0,0,1,0,-1,0,1,-1,0,2
178,178,178,178,0,0,1,-1,0,0,0,0,0,7
179,179,179,179,0,0,0,0,0,0,-1,0,1,1
180,180,180,180,1,0,1,0,0,-1,-1,0,0,2
181,181,181,181,0,1,1,-1,0,0,0,0,-1,1
182,182,182,182,1,-1,1,0,0,-1,0,-1,1,5
183,183,183,183,0,1,1,-1,-1,1,0,0,-1,1
184,184,184,184,0,0,0,1,0,0,0,0,-1,5
185,185,185,185,0,-1,0,0,0,0,0,1,0,9
186,186,186,186,1,0,-1,0,0,1,-1,0,0,5
187,187,187,187,-1,1,-1,0,0,1,0,1,-1,5
188,188,188,188,0,0,0,1,-1,0,0,0,0,1
189,189,189,189,1,0,0,0,0,-1,0,0,0,5
190,190,190,190,1,0,1,-1,-1,1,0,-1,0,9
191,191,191,191,-1,1,-1,0,0,0,1,0,0,8
192,192,192,192,0,-1,0,-1,1,0,1,0,0,3
193,193,193,193,1,-1,0,1,1,-1,-1,1,-1,3
194,194,194,194,0,0,1,0,0,-1,0,0,0,5
195,195,195,195,0,0,-1,0,0,0,1,0,0,1
196,196,196,196,1,0,-1,0,0,0,0,0,0,9
197,197,197,197,1,0,-1,1,0,0,0,-1,0,7
198,198,198,198,0,0,1,-1,0,0,0,0,0,7
199,199,199,199,1,0,0,0,0,0,-1,0,0,9
200,200,200,200,1,0,0,-1,0,0,0,0,0,9
201,201,201,201,1,0,-1,-1,0,0,0,1,0,9
202,202,202,202,0,0,1,0,-1,0,0,1,-1,1
203,203,203,203,1,0,-1,0,0,0,0,1,-1,6
204,204,204,204,0,0,1,0,-1,-1,0,0,1,4
205,205,205,205,0,0,0,0,0,-1,0,0,1,1
206,206,206,206,0,0,0,0,0,1,-1,-1,1,3
207,207,207,207,-1,0,1,-1,1,0,0,0,0,7
208,208,208,208,-1,1,0,1,0,0,-1,0,0,5
209,209,209,209,-1,-1,1,1,0,-1,0,0,1,7
210,210,210,210,0,-1,-1,1,1,0,0,1,-1,6
211,211,211,211,0,1,-1,0,-1,0,0,1,0,7
212,212,212,212,0,0,1,0,0,0,0,0,-1,7
213,213,213,213,1,0,0,-1,0,-1,0,0,1,5
214,214,214,214,1,0,-1,-1,1,1,1,-1,-1,2
215,215,215,215,1,1,0,-1,-1,0,-1,0,1,3
216,216,216,216,-1,0,1,0,0,0,1,-1,0,5
217,217,217,217,1,0,0,0,0,-1,-1,1,0,5
218,218,218,218,-1,0,0,-1,1,0,0,1,0,2
219,219,219,219,-1,0,0,0,0,1,0,0,0,5
220,220,220,220,0,0,0,1,0,-1,1,-1,0,1
221,221,221,221,-1,-1,0,0,0,0,1,1,0,9
222,222,222,222,0,0,0,1,-1,0,-1,1,0,3
223,223,223,223,1,0,0,0,0,0,0,-1,0,5
224,224,224,224,0,0,0,0,1,0,0,-1,0,3
225,225,225,225,1,1,-1,0,-1,0,0,1,-1,6
226,226,226,226,0,0,1,0,0,0,0,0,-1,7
227,227,227,227,0,-1,-1,1,0,-1,1,1,0,9
228,228,228,228,0,0,0,-1,0,0,0,0,1,1
229,229,229,229,-1,0,1,0,0,0,0,0,0,7
230,230,230,230,-1,0,0,0,0,1,0,0,0,5
231,231,231,231,0,0,-1,0,0,1,0,0,0,5
232,232,232,232,0,0,0,1,0,0,0,0,-1,5
233,233,233,233,-1,0,0,0,0,0,0,0,1,3
234,234,234,234,-1,0,0,0,1,1,0,0,-1,4
235,235,235,235,-1,0,1,0,0,-1,1,-1,1,5
236,236,236,236,0,1,0,0,-1,-1,0,1,0,4
237,237,237,237,0,0,0,0,0,0,1,-1,0,3
238,238,238,238,1,-1,-1,1,1,0,0,-1,0,9
239,239,239,239,0,0,-1,1,1,0,-1,0,0,6
240,240,240,240,1,0,1,-1,0,1,0,-1,-1,2
241,241,241,241,0,-1,0,1,0,0,0,0,0,5
242,242,242,242,1,0,-1,-1,1,0,0,0,0,9
243,243,243,243,0,0,0,-1,0,-1,1,0,1,8
244,244,244,244,0,0,0,0,-1,1,0,0,0,3
245,245,245,245,0,0,1,1,-1,0,0,0,-1,1
246,246,246,246,1,-1,-1,1,1,-1,-1,1,0,9
247,247,247,247,-1,0,1,1,0,0,0,-1,0,6
248,248,248,248,1,-1,0,0,0,0,0,-1,1,5
249,249,249,249,-1,-1,1,0,1,-1,0,1,0,7
250,250,250,250,0,0,-1,0,1,0,1,-1,0,1
251,251,251,251,0,-1,0,0,-1,1,1,1,-1,1
252,252,252,252,-1,0,1,0,-1,0,1,0,0,9
253,253,253,253,1,-1,-1,0,1,0,0,0,0,9
254,254,254,254,0,0,1,0,-1,-1,1,0,0,4
255,255,255,255,1,0,1,-1,0,-1,0,0,0,2
256,256,256,256,1,0,0,0,1,0,-1,-1,0,9
257,257,257,257,-1,1,0,1,-1,-1,0,0,1,7
258,258,258,258,0,0,0,0,0,1,0,-1,0,1
259,259,259,259,-1,0,0,0,0,0,1,0,0,3
260,260,260,260,0,0,0,-1,0,0,0,0,1,1
261,261,261,261,1,0,-1,0,0,0,0,0,0,9
262,262,262,262,1,-1,0,0,0,0,-1,1,0,5
263,263,263,263,1,0,1,-1,-1,0,-1,0,1,6
264,264,264,264,0,1,1,0,-1,0,-1,1,-1,1
265,265,265,265,1,0,0,0,0,-1,0,1,-1,3
266,266,266,266,-1,1,0,0,-1,-1,0,1,1,7
267,267,267,267,0,0,-1,0,-1,1,0,1,0,7
268,268,268,268,0,0,0,1,0,0,-1,0,0,5
269,269,269,269,0,1,0,0,0,0,-1,0,0,5
270,270,270,270,0,0,-1,0,0,1,-1,1,0,1
271,271,271,271,0,0,0,1,-1,-1,0,0,1,7
272,272,272,272,-1,0,1,0,0,-1,1,-1,1,5
273,273,273,273,1,-1,0,0,-1,1,0,1,-1,7
274,274,274,274,-1,0,1,0,0,0,0,0,0,7
275,275,275,275,0,0,-1,-1,0,1,0,0,1,5
276,276,276,276,1,-1,1,1,0,-1,0,0,-1,7
277,277,277,277,1,-1,-1,0,0,1,-1,1,0,5
278,278,278,278,0,0,0,0,0,0,0,1,-1,5
279,279,279,279,1,-1,-1,1,0,0,0,-1,1,5
280,280,280,280,-1,1,0,0,0,0,0,0,0,5
281,281,281,281,1,0,1,1,-1,-1,0,0,-1,2
282,282,282,282,0,0,0,0,-1,1,0,0,0,9
283,283,283,283,1,0,-1,0,1,-1,0,0,0,9
284,284,284,284,1,-1,-1,0,0,0,0,0,1,5
285,285,285,285,0,-1,1,0,-1,0,0,0,1,6
286,286,286,286,0,1,0,1,-1,1,-1,-1,0,9
287,287,287,287,0,0,0,0,1,0,0,-1,0,9
288,288,288,288,-1,-1,1,1,-1,-1,0,1,1,7
289,289,289,289,0,0,0,0,0,0,-1,0,1,1
290,290,290,290,1,0,1,0,-1,0,-1,1,-1,2
291,291,291,291,-1,-1,0,1,0,0,1,0,0,3
292,292,292,292,0,-1,0,0,0,1,1,-1,0,5
293,293,293,293,-1,0,0,0,1,0,0,0,0,3
294,294,294,294,0,0,1,-1,-1,1,0,1,-1,1
295,295,295,295,0,0,1,0,0,0,0,-1,0,5
296,296,296,296,0,0,-1,-1,1,1,-1,0,1,1
297,297,297,297,-1,1,1,0,-1,0,1,-1,0,9
298,298,298,298,-1,-1,1,0,1,0,0,1,-1,7
299,299,299,299,0,0,0,-1,-1,0,1,0,1,8
300,300,300,300,-1,1,0,1,0,0,0,0,-1,5
301,301,301,301,0,1,0,0,-1,0,0,0,0,9
302,302,302,302,0,0,-1,0,0,1,1,0,-1,4
303,303,303,303,0,-1,1,0,0,0,0,1,-1,5
304,304,304,304,0,0,1,0,0,0,0,-1,0,5
305,305,305,305,1,0,-1,-1,0,0,1,0,0,5
306,306,306,306,0,0,1,0,0,1,-1,-1,0,9
307,307,307,307,0,0,-1,0,0,1,0,-1,1,5
308,308,308,308,0,1,0,-1,1,-1,1,-1,0,3
309,309,309,309,1,1,-1,-1,1,1,-1,0,-1,8
310,310,310,310,0,-1,1,1,-1,1,-1,0,0,9
311,311,311,311,1,0,-1,1,0,-1,0,0,0,7
312,312,312,312,0,-1,0,1,-1,-1,1,1,0,1
313,313,313,313,1,-1,0,-1,0,1,-1,1,0,5
314,314,314,314,0,0,-1,0,0,0,1,0,0,1
315,315,315,315,1,-1,1,0,-1,0,0,0,0,8
316,316,316,316,0,0,0,0,0,1,0,-1,0,5
317,317,317,317,-1,1,1,0,0,0,0,0,-1,5
318,318,318,318,0,1,-1,0,-1,0,1,0,0,1
319,319,319,319,-1,1,0,1,0,-1,0,0,0,5
320,320,320,320,0,1,0,0,-1,0,0,0,0,9
321,321,321,321,0,0,0,-1,1,1,0,-1,0,3
322,322,322,322,0,0,0,-1,-1,0,1,1,0,9
323,323,323,323,0,0,0,1,0,-1,0,0,0,7
324,324,324,324,0,1,0,1,0,-1,0,0,-1,3
325,325,325,325,-1,0,0,0,0,1,0,0,0,9
326,326,326,326,-1,-1,0,1,-1,0,1,1,0,9
327,327,327,327,0,0,0,-1,0,0,1,0,0,5
328,328,328,328,-1,1,-1,-1,1,1,0,-1,1,7
329,329,329,329,1,0,0,0,-1,-1,-1,1,1,3
330,330,330,330,0,0,-1,0,0,0,1,0,0,1
331,331,331,331,-1,0,1,1,0,0,0,-1,0,5
332,332,332,332,0,-1,0,0,0,0,0,1,0,7
333,333,333,333,0,0,0,1,-1,1,0,0,-1,1
334,334,334,334,0,0,-1,-1,0,0,0,1,1,7
335,335,335,335,-1,0,0,0,0,0,0,1,0,5
336,336,336,336,-1,1,-1,-1,0,1,1,1,-1,5
337,337,337,337,0,-1,0,0,1,0,-1,1,0,1
338,338,338,338,0,0,-1,1,-1,0,1,-1,1,1
339,339,339,339,0,-1,0,0,0,1,0,0,0,5
340,340,340,340,1,-1,0,0,0,0,1,0,-1,5
341,341,341,341,1,1,0,1,-1,-1,-1,0,0,3
342,342,342,342,0,-1,-1,0,0,0,1,1,0,9
343,343,343,343,-1,0,1,-1,1,0,0,0,0,7
344,344,344,344,-1,1,-1,1,0,0,1,-1,0,5
345,345,345,345,0,-1,0,1,1,0,0,0,-1,6
346,346,346,346,0,0,-1,0,1,-1,1,0,0,9
347,347,347,347,-1,0,0,0,0,1,0,0,0,4
348,348,348,348,1,0,0,0,-1,0,0,0,0,9
349,349,349,349,-1,0,-1,0,1,0,1,-1,1,2
350,350,350,350,-1,-1,0,0,-1,1,1,1,0,9
351,351,351,351,0,-1,0,-1,0,0,0,1,1,7
352,352,352,352,0,1,0,0,0,-1,1,0,-1,3
353,353,353,353,-1,-1,1,1,-1,0,1,0,0,9
354,354,354,354,1,-1,1,0,-1,-1,-1,1,1,4
355,355,355,355,-1,-1,0,0,0,0,0,1,1,7
356,356,356,356,0,0,0,0,1,0,1,-1,-1,3
357,357,357,357,0,1,-1,-1,0,1,-1,0,1,1
358,358,358,358,1,-1,0,0,0,0,0,0,0,9
359,359,359,359,0,-1,0,1,0,1,-1,0,0,5
360,360,360,360,0,0,0,1,0,-1,0,0,0,5
361,361,361,361,0,0,0,0,-1,0,1,0,0,3
362,362,362,362,1,0,-1,0,0,0,-1,1,0,5
363,363,363,363,-1,1,1,1,-1,-1,1,-1,0,9
364,364,364,364,1,0,0,-1,0,0,0,0,0,9
365,365,365,365,0,-1,0,0,1,0,1,0,-1,3
366,366,366,366,0,0,0,0,1,0,0,-1,0,1
367,367,367,367,-1,1,1,1,1,-1,0,-1,-1,7
368,368,368,368,1,0,-1,0,0,0,0,0,0,9
369,369,369,369,0,1,0,-1,0,-1,0,0,1,5
370,370,370,370,0,1,0,0,0,0,0,-1,0,9
371,371,371,371,0,0,0,0,0,1,-1,0,0,1
372,372,372,372,0,0,0,0,-1,0,0,0,1,1
373,373,373,373,0,-1,-1,1,1,0,0,0,0,6
374,374,374,374,-1,0,1,1,0,0,0,-1,0,5
375,375,375,375,1,-1,0,-1,0,0,1,-1,1,5
376,376,376,376,-1,1,0,0,0,0,0,0,0,9
377,377,377,377,0,-1,0,-1,0,1,1,0,0,3
378,378,378,378,0,1,1,0,0,-1,-1,1,-1,1
379,379,379,379,1,0,0,0,0,0,-1,0,0,9
380,380,380,380,0,0,0,0,0,1,-1,0,0,1
381,381,381,381,0,1,1,-1,-1,1,0,0,-1,1
382,382,382,382,0,0,0,0,0,1,0,-1,0,5
383,383,383,383,0,0,-1,0,1,0,0,0,0,1
384,384,384,384,0,0,-1,0,0,0,0,1,0,5
385,385,385,385,0,0,1,0,0,0,0,-1,0,7
386,386,386,386,-1,1,1,0,0,0,-1,1,-1,5
387,387,387,387,1,-1,0,0,-1,1,1,0,-1,4
388,388,388,388,0,0,0,0,0,1,0,-1,0,5
389,389,389,389,-1,-1,1,1,0,0,0,-1,1,6
390,390,390,390,0,0,0,0,1,-1,0,0,0,1
391,391,391,391,0,0,-1,0,1,0,-1,0,1,1
392,392,392,392,0,0,-1,0,0,1,-1,1,0,5
393,393,393,393,-1,-1,1,-1,0,0,0,1,1,7
394,394,394,394,-1,-1,1,1,1,0,-1,-1,1,6
395,395,395,395,-1,-1,0,-1,1,1,1,-1,1,3
396,396,396,396,0,1,0,-1,0,0,-1,1,0,5
397,397,397,397,0,0,0,0,0,0,-1,0,1,1
398,398,398,398,0,0,0,0,1,0,-1,0,0,1
399,399,399,399,-1,1,0,1,0,0,-1,0,0,5
400,400,400,400,-1,1,-1,0,1,0,-1,0,1,8
401,401,401,401,0,0,1,0,1,0,-1,-1,0,9
402,402,402,402,1,-1,0,0,1,1,-1,-1,0,4
403,403,403,403,0,0,0,0,0,-1,-1,1,1,5
404,404,404,404,-1,0,0,0,0,0,1,0,0,3
405,405,405,405,1,1,0,-1,-1,1,-1,1,-1,3
406,406,406,406,1,-1,-1,1,0,1,-1,1,-1,5
407,407,407,407,0,-1,1,0,1,1,-1,0,-1,4
408,408,408,408,0,0,0,0,1,0,0,0,-1,3
409,409,409,409,-1,0,0,0,0,1,0,0,0,9
410,410,410,410,0,0,0,-1,-1,1,0,1,0,9
411,411,411,411,-1,0,1,1,-1,1,0,-1,0,9
412,412,412,412,0,0,1,0,1,-1,-1,0,0,2
413,413,413,413,-1,0,0,0,0,0,1,0,0,5
414,414,414,414,0,1,-1,-1,0,1,0,0,0,5
415,415,415,415,1,-1,1,-1,0,0,0,-1,1,5
416,416,416,416,1,-1,1,1,1,-1,0,-1,-1,7
417,417,417,417,0,1,0,1,-1,-1,-1,0,1,3
418,418,418,418,-1,-1,1,0,1,1,-1,1,-1,4
419,419,419,419,0,0,0,0,0,1,0,-1,0,5
420,420,420,420,0,0,-1,0,0,-1,0,1,1,7
421,421,421,421,0,1,-1,1,0,0,0,-1,0,5
422,422,422,422,1,0,0,1,0,-1,0,0,-1,7
423,423,423,423,0,-1,1,0,0,0,0,0,0,5
424,424,424,424,-1,0,0,-1,0,1,0,1,0,7
425,425,425,425,0,0,-1,1,0,0,-1,1,0,5
426,426,426,426,0,0,0,-1,1,0,0,-1,1,1
427,427,427,427,1,-1,0,0,0,0,1,-1,0,4
428,428,428,428,0,1,0,0,0,-1,0,-1,1,1
429,429,429,429,1,0,0,0,-1,0,0,0,0,9
430,430,430,430,0,0,0,1,0,0,0,-1,0,5
431,431,431,431,-1,0,1,0,0,1,1,-1,-1,5
432,432,432,432,0,1,-1,1,0,0,0,-1,0,1
433,433,433,433,-1,1,0,1,-1,-1,1,-1,1,3
434,434,434,434,0,-1,0,1,0,-1,1,-1,1,1
435,435,435,435,0,0,0,1,0,0,0,-1,0,5
436,436,436,436,0,0,0,0,-1,0,1,0,0,3
437,437,437,437,-1,-1,1,1,0,0,0,-1,1,5
438,438,438,438,1,-1,1,-1,1,1,0,-1,-1,7
439,439,439,439,0,0,0,-1,1,0,0,0,0,9
440,440,440,440,0,0,0,0,1,0,0,-1,0,3
441,441,441,441,-1,0,-1,1,0,1,-1,0,1,5
442,442,442,442,-1,1,1,-1,1,0,0,0,-1,8
443,443,443,443,0,0,0,1,0,-1,0,0,0,1
444,444,444,444,-1,0,0,0,0,0,1,0,0,3
445,445,445,445,-1,1,-1,-1,1,0,1,0,0,8
446,446,446,446,0,0,0,-1,1,0,0,1,-1,2
447,447,447,447,0,-1,0,0,1,0,-1,0,1,1
448,448,448,448,0,-1,0,0,1,0,0,0,0,9
449,449,449,449,-1,1,-1,0,-1,1,0,1,0,7
450,450,450,450,0,0,0,0,0,-1,1,0,0,3
451,451,451,451,0,0,-1,0,0,1,0,0,0,5
452,452,452,452,0,0,0,1,-1,0,0,0,0,7
453,453,453,453,-1,0,-1,0,1,-1,1,0,1,8
454,454,454,454,0,0,0,1,-1,-1,0,0,1,7
455,455,455,455,1,0,0,0,-1,0,0,-1,1,2
456,456,456,456,0,1,1,-1,0,0,0,-1,0,1
457,457,457,457,0,0,0,0,0,-1,0,0,1,1
458,458,458,458,0,-1,0,0,0,0,1,0,0,3
459,459,459,459,0,0,-1,0,0,0,1,0,0,1
460,460,460,460,-1,1,0,0,0,0,0,0,0,5
461,461,461,461,-1,-1,1,0,1,1,0,-1,0,4
462,462,462,462,1,0,0,0,-1,0,0,0,0,9
463,463,463,463,-1,0,0,1,0,-1,1,-1,1,3
464,464,464,464,-1,1,1,0,0,1,0,-1,-1,5
465,465,465,465,0,0,0,-1,0,0,0,0,1,1
466,466,466,466,-1,-1,1,0,0,0,1,-1,1,5
467,467,467,467,0,0,1,0,0,0,0,0,-1,7
468,468,468,468,1,0,1,-1,1,0,-1,0,-1,2
469,469,469,469,0,-1,1,0,0,0,0,0,0,7
470,470,470,470,0,-1,0,1,-1,1,-1,0,1,3
471,471,471,471,-1,-1,1,0,1,0,0,0,0,7
472,472,472,472,-1,0,1,1,0,-1,0,0,0,5
473,473,473,473,-1,0,0,0,0,0,1,0,0,3
474,474,474,474,-1,1,1,-1,-1,1,0,0,0,9
475,475,475,475,-1,1,1,0,0,0,0,-1,0,5
476,476,476,476,1,0,1,0,-1,0,0,0,-1,2
477,477,477,477,0,1,0,0,-1,-1,1,0,0,4
478,478,478,478,0,0,0,1,0,-1,0,0,0,5
479,479,479,479,1,0,0,1,-1,-1,0,0,0,7
480,480,480,480,1,0,0,1,-1,0,0,-1,0,7
481,481,481,481,0,0,0,0,1,-1,0,0,0,1
482,482,482,482,0,0,-1,0,0,1,0,0,0,5
483,483,483,483,0,0,0,0,-1,0,0,1,0,9
484,484,484,484,1,-1,0,0,0,1,-1,0,0,9
485,485,485,485,0,0,1,0,-1,1,-1,0,0,9
486,486,486,486,1,0,0,-1,0,0,0,0,0,5
487,487,487,487,-1,1,1,0,0,-1,1,-1,0,5
488,488,488,488,-1,-1,1,1,0,-1,1,1,-1,5
489,489,489,489,1,-1,-1,-1,1,1,1,0,-1,8
490,490,490,490,-1,0,-1,1,0,0,1,-1,1,5
491,491,491,491,0,-1,0,0,0,0,0,1,0,9
492,492,492,492,0,0,0,1,0,-1,0,0,0,5
493,493,493,493,0,1,0,1,1,-1,-1,-1,0,9
494,494,494,494,1,0,1,0,-1,-1,1,-1,0,4
495,495,495,495,0,1,0,-1,0,-1,-1,1,1,5
496,496,496,496,1,0,-1,0,0,0,0,0,0,9
497,497,497,497,0,0,0,0,0,1,-1,0,0,5
498,498,498,498,-1,-1,0,0,1,-1,1,1,0,3
499,499,499,499,0,0,1,-1,-1,0,1,-1,1,6
500,500,500,500,0,0,0,1,1,0,0,-1,-1,6
501,501,501,501,0,1,0,1,0,-1,-1,0,0,5
502,502,502,502,0,0,0,0,-1,0,0,1,0,9
503,503,503,503,0,0,0,0,-1,0,0,1,0,3
504,504,504,504,0,0,0,0,0,0,0,-1,1,1
505,505,505,505,1,0,-1,-1,0,-1,0,1,1,5
506,506,506,506,1,0,-1,0,-1,1,0,-1,1,7
507,507,507,507,0,0,1,0,0,0,-1,0,0,1
508,508,508,508,-1,0,0,0,0,0,0,0,1,3
509,509,509,509,-1,0,0,0,0,-1,1,1,0,9
510,510,510,510,0,1,0,-1,0,0,0,0,0,5
511,511,511,511,0,-1,1,-1,0,1,1,-1,0,5
512,512,512,512,0,-1,0,1,0,-1,0,0,1,7
513,513,513,513,0,0,0,0,-1,1,0,0,0,9
514,514,514,514,1,0,-1,0,0,1,0,0,-1,4
515,515,515,515,0,1,0,0,-1,-1,-1,1,1,4
516,516,516,516,0,0,0,0,0,-1,1,0,0,5
517,517,517,517,0,0,0,1,1,-1,0,-1,0,9
518,518,518,518,-1,1,0,1,0,0,-1,0,0,5
519,519,519,519,0,1,0,0,0,0,0,-1,0,3
520,520,520,520,1,-1,0,0,0,0,0,0,0,9
521,521,521,521,-1,-1,1,-1,-1,1,1,1,0,9
522,522,522,522,0,0,0,0,1,0,0,-1,0,1
523,523,523,523,1,0,1,-1,0,-1,1,0,-1,2
524,524,524,524,1,0,0,0,-1,-1,-1,1,1,4
525,525,525,525,0,-1,0,1,0,0,0,-1,1,5
526,526,526,526,-1,-1,0,0,1,1,0,0,0,4
527,527,527,527,-1,-1,0,1,1,0,0,0,0,6
528,528,528,528,0,0,0,0,0,0,-1,1,0,5
529,529,529,529,-1,0,0,1,0,0,0,0,0,5
530,530,530,530,0,1,0,0,0,0,-1,0,0,5
531,531,531,531,0,1,-1,-1,0,0,1,0,0,8
532,532,532,532,0,0,0,1,0,-1,0,0,0,7
533,533,533,533,0,0,0,0,0,-1,1,0,0,3
534,534,534,534,0,0,1,-1,1,1,-1,-1,0,9
535,535,535,535,0,0,1,1,0,0,-1,0,-1,8
536,536,536,536,0,0,1,0,-1,0,0,-1,1,6
537,537,537,537,0,0,-1,1,0,0,1,0,-1,1
538,538,538,538,0,1,0,-1,1,-1,0,0,0,8
539,539,539,539,0,0,0,1,-1,1,-1,-1,1,3
540,540,540,540,-1,1,-1,0,0,0,1,0,0,8
541,541,541,541,-1,1,-1,0,-1,1,1,0,0,9
542,542,542,542,-1,1,0,-1,1,-1,1,-1,1,3
543,543,543,543,1,0,0,0,0,0,0,-1,0,9
544,544,544,544,0,0,0,1,-1,0,-1,1,0,3
545,545,545,545,1,-1,0,0,0,1,1,-1,-1,4
546,546,546,546,-1,0,0,0,0,0,0,0,1,3
547,547,547,547,0,0,0,1,0,-1,1,0,-1,1
548,548,548,548,0,0,0,0,0,0,0,0,0,1
549,549,549,549,1,-1,1,-1,0,0,-1,0,1,5
550,550,550,550,-1,1,0,0,0,-1,1,0,0,5
551,551,551,551,1,-1,0,-1,0,0,0,1,0,5
552,552,552,552,-1,0,1,-1,0,1,0,0,0,9
553,553,553,553,-1,-1,1,1,1,0,-1,-1,1,6
554,554,554,554,0,1,0,1,0,-1,0,0,-1,3
555,555,555,555,0,0,0,1,-1,1,0,-1,0,2
556,556,556,556,0,0,0,-1,0,0,0,1,0,5
557,557,557,557,1,0,0,-1,1,-1,0,1,-1,2
558,558,558,558,-1,0,0,1,0,0,0,-1,1,7
559,559,559,559,1,0,-1,-1,1,1,-1,1,-1,2
560,560,560,560,0,1,0,1,-1,-1,-1,0,1,3
561,561,561,561,-1,-1,1,1,0,0,0,-1,1,6
562,562,562,562,0,-1,0,0,-1,1,1,0,0,8
563,563,563,563,1,0,-1,0,0,1,0,-1,0,5
564,564,564,564,0,-1,0,0,0,-1,0,1,1,7
565,565,565,565,1,0,0,0,0,-1,0,0,0,5
566,566,566,566,0,0,0,0,0,0,1,0,-1,5
567,567,567,567,1,0,1,0,0,0,-1,-1,0,2
568,568,568,568,0,0,-1,0,1,1,-1,0,0,4
569,569,569,569,0,-1,0,0,0,0,1,0,0,5
570,570,570,570,-1,1,0,0,0,1,-1,-1,1,4
571,571,571,571,-1,1,-1,1,-1,-1,0,1,1,7
572,572,572,572,0,1,0,1,-1,-1,0,0,0,1
573,573,573,573,1,1,0,0,1,-1,0,-1,-1,3
574,574,574,574,1,-1,0,-1,1,1,0,0,-1,7
575,575,575,575,-1,0,0,0,0,0,0,0,1,3
576,576,576,576,1,0,-1,-1,-1,1,1,1,-1,2
577,577,577,577,0,0,0,0,0,0,1,0,-1,3
578,578,578,578,1,1,-1,0,0,-1,-1,0,1,5
579,579,579,579,0,1,1,-1,0,-1,0,0,0,1
580,580,580,580,1,0,0,-1,0,1,0,-1,0,3
581,581,581,581,-1,0,0,0,1,1,-1,0,0,4
582,582,582,582,0,0,-1,-1,1,0,0,1,0,2
583,583,583,583,-1,0,0,0,0,0,1,1,-1,5
584,584,584,584,0,0,0,0,1,0,-1,0,0,1
585,585,585,585,-1,1,-1,0,1,-1,0,0,1,8
586,586,586,586,1,-1,-1,0,0,-1,1,1,0,9
587,587,587,587,1,0,1,0,-1,-1,0,0,0,4
588,588,588,588,0,1,0,0,-1,0,0,0,0,3
589,589,589,589,0,0,1,1,-1,0,0,-1,0,2
590,590,590,590,1,0,1,0,-1,0,0,0,-1,2
591,591,591,591,0,0,1,-1,1,-1,0,1,-1,7
592,592,592,592,0,1,0,1,0,-1,-1,0,0,5
593,593,593,593,0,0,0,1,0,0,-1,-1,1,6
594,594,594,594,0,1,-1,-1,1,-1,1,0,0,8
595,595,595,595,0,1,-1,0,-1,1,0,0,0,7
596,596,596,596,0,0,0,-1,1,-1,-1,1,1,2
597,597,597,597,0,-1,0,0,0,0,1,0,0,3
598,598,598,598,1,1,0,0,0,-1,0,-1,0,3
599,599,599,599,0,0,0,-1,0,1,0,0,0,3
600,600,600,600,0,0,-1,0,0,1,0,0,0,5
601,601,601,601,0,0,1,0,1,-1,-1,1,-1,2
602,602,602,602,0,0,0,0,0,0,0,-1,1,1
603,603,603,603,-1,-1,0,-1,1,1,1,-1,1,3
604,604,604,604,0,0,0,0,0,1,0,-1,0,5
605,605,605,605,0,-1,1,-1,0,0,0,0,1,6
606,606,606,606,1,-1,-1,0,0,0,-1,1,1,5
607,607,607,607,0,-1,-1,1,0,0,0,1,0,1
608,608,608,608,0,1,0,0,-1,0,0,0,0,3
609,609,609,609,0,0,-1,0,1,0,0,0,0,7
610,610,610,610,1,-1,1,1,-1,-1,-1,1,0,9
611,611,611,611,0,-1,1,0,1,0,-1,0,0,6
612,612,612,612,-1,0,1,0,0,0,0,0,0,7
613,613,613,613,1,0,0,0,0,1,-1,0,-1,8
614,614,614,614,1,1,0,0,-1,-1,0,0,0,3
615,615,615,615,0,1,0,0,0,0,-1,0,0,5
616,616,616,616,0,0,0,-1,0,1,0,0,0,3
617,617,617,617,1,-1,0,0,1,0,0,-1,0,9
618,618,618,618,-1,-1,0,-1,1,1,1,-1,1,3
619,619,619,619,-1,-1,1,1,1,0,-1,0,0,6
620,620,620,620,0,-1,0,0,1,-1,0,0,1,1
621,621,621,621,-1,1,0,0,0,0,1,0,-1,5
622,622,622,622,-1,0,1,1,0,0,-1,-1,1,5
623,623,623,623,1,-1,1,0,0,1,0,-1,-1,7
624,624,624,624,-1,1,-1,-1,1,0,1,0,0,8
625,625,625,625,0,0,0,0,0,0,0,1,-1,5
626,626,626,626,0,-1,0,0,-1,1,0,0,1,3
627,627,627,627,1,0,0,-1,0,0,0,0,0,9
628,628,628,628,-1,1,-1,0,-1,1,0,0,1,7
629,629,629,629,-1,0,1,0,-1,0,0,1,0,9
630,630,630,630,1,-1,1,0,0,-1,0,1,-1,7
631,631,631,631,-1,0,1,0,0,0,0,0,0,7
632,632,632,632,0,0,-1,0,0,0,0,1,0,5
633,633,633,633,1,-1,-1,1,0,1,-1,1,-1,5
634,634,634,634,-1,-1,1,1,0,1,0,-1,0,5
635,635,635,635,0,0,0,1,-1,0,0,0,0,1
636,636,636,636,0,1,0,0,1,-1,-1,0,0,8
637,637,637,637,0,-1,-1,0,0,0,0,1,1,7
638,638,638,638,0,0,0,0,0,0,1,0,-1,3
639,639,639,639,-1,-1,1,1,-1,-1,1,1,0,9
640,640,640,640,0,-1,0,1,0,0,0,0,0,5
641,641,641,641,0,-1,0,-1,1,0,0,0,1,1
642,642,642,642,-1,1,0,0,1,1,0,-1,-1,4
643,643,643,643,-1,0,1,0,1,-1,-1,1,0,2
644,644,644,644,0,-1,0,1,-1,0,1,0,0,1
645,645,645,645,0,1,1,1,-1,-1,-1,1,-1,1
646,646,646,646,0,0,0,-1,1,0,0,-1,1,1
647,647,647,647,0,0,0,1,0,0,0,0,-1,5
648,648,648,648,-1,0,-1,-1,0,1,1,1,0,9
649,649,649,649,0,0,0,0,-1,1,0,0,0,3
650,650,650,650,0,0,0,1,0,0,-1,0,0,5
651,651,651,651,0,0,-1,-1,-1,1,1,1,0,9
652,652,652,652,0,0,0,1,1,-1,-1,0,0,1
653,653,653,653,-1,0,1,-1,0,0,0,1,0,7
654,654,654,654,1,-1,0,1,0,-1,0,0,0,7
655,655,655,655,0,-1,-1,0,0,0,1,0,1,1
656,656,656,656,-1,1,0,0,0,0,0,0,0,5
657,657,657,657,0,0,0,0,0,1,-1,0,0,5
658,658,658,658,-1,-1,1,1,0,0,-1,0,1,6
659,659,659,659,1,-1,0,-1,0,-1,0,1,1,5
660,660,660,660,1,0,-1,0,1,0,-1,0,0,9
661,661,661,661,-1,-1,1,-1,-1,1,1,1,0,9
662,662,662,662,1,-1,-1,-1,1,0,1,1,-1,6
663,663,663,663,0,0,0,-1,0,0,0,0,1,1
664,664,664,664,0,0,0,0,-1,0,0,0,1,1
665,665,665,665,0,0,0,0,0,1,0,-1,0,5
666,666,666,666,0,-1,0,1,0,0,0,0,0,5
667,667,667,667,-1,0,1,0,0,0,0,0,0,7
668,668,668,668,0,0,0,1,-1,0,0,0,0,1
669,669,669,669,0,1,1,-1,0,-1,0,0,0,1
670,670,670,670,0,1,0,1,-1,-1,0,0,0,1
671,671,671,671,0,0,-1,0,0,1,0,0,0,5
672,672,672,672,0,0,1,0,1,-1,-1,1,-1,2
673,673,673,673,0,0,0,0,0,0,0,-1,1,1
674,674,674,674,-1,-1,0,-1,1,1,1,-1,1,3
675,675,675,675,0,0,0,0,0,1,0,-1,0,5
676,676,676,676,0,-1,1,-1,0,0,0,0,1,6
677,677,677,677,1,-1,-1,0,0,0,-1,1,1,5
678,678,678,678,0,-1,-1,1,0,0,0,1,0,1
679,679,679,679,0,1,0,0,-1,0,0,0,0,3
680,680,680,680,0,0,-1,0,1,0,0,0,0,7
681,681,681,681,1,-1,1,1,-1,-1,-1,1,0,9
682,682,682,682,0,-1,1,0,1,0,-1,0,0,6
683,683,683,683,-1,0,1,0,0,0,0,0,0,7
684,684,684,684,1,0,0,0,0,1,-1,0,-1,8
685,685,685,685,1,1,0,0,-1,-1,0,0,0,3
686,686,686,686,0,1,0,0,0,0,-1,0,0,5
687,687,687,687,0,0,0,-1,0,1,0,0,0,3
688,688,688,688,1,-1,0,0,1,0,0,-1,0,9
689,689,689,689,-1,-1,0,-1,1,1,1,-1,1,3
690,690,690,690,-1,-1,1,1,1,0,-1,0,0,6
691,691,691,691,0,-1,0,0,1,-1,0,0,1,1
692,692,692,692,-1,1,0,0,0,0,1,0,-1,5
693,693,693,693,-1,0,1,1,0,0,-1,-1,1,5
694,694,694,694,1,-1,1,0,0,1,0,-1,-1,7
695,695,695,695,-1,1,-1,-1,1,0,1,0,0,8
696,696,696,696,0,0,0,0,0,0,0,1,-1,5
697,697,697,697,0,-1,0,0,-1,1,0,0,1,3
698,698,698,698,1,0,0,-1,0,0,0,0,0,9
699,699,699,699,-1,1,-1,0,-1,1,0,0,1,7
700,700,700,700,-1,0,1,0,-1,0,0,1,0,9
701,701,701,701,1,-1,1,0,0,-1,0,1,-1,7
702,702,702,702,-1,0,1,0,0,0,0,0,0,7
703,703,703,703,0,0,-1,0,0,0,0,1,0,5
704,704,704,704,1,-1,-1,1,0,1,-1,1,-1,5
705,705,705,705,-1,-1,1,1,0,1,0,-1,0,5
706,706,706,706,0,0,0,1,-1,0,0,0,0,1
707,707,707,707,0,1,0,0,1,-1,-1,0,0,8
708,708,708,708,0,-1,-1,0,0,0,0,1,1,7
709,709,709,709,0,0,0,0,0,0,1,0,-1,3
710,710,710,710,-1,-1,1,1,-1,-1,1,1,0,9
711,711,711,711,0,-1,0,1,0,0,0,0,0,5
712,712,712,712,0,-1,0,-1,1,0,0,0,1,1
713,713,713,713,-1,1,0,0,1,1,0,-1,-1,4
714,714,714,714,-1,0,1,0,1,-1,-1,1,0,2
715,715,715,715,0,-1,0,1,-1,0,1,0,0,1
716,716,716,716,0,1,1,1,-1,-1,-1,1,-1,1
717,717,717,717,0,0,0,-1,1,0,0,-1,1,1
718,718,718,718,0,0,0,1,0,0,0,0,-1,5
719,719,719,719,-1,0,-1,-1,0,1,1,1,0,9
720,720,720,720,0,0,0,0,-1,1,0,0,0,3
721,721,721,721,0,0,0,1,0,0,-1,0,0,5
722,722,722,722,0,0,-1,-1,-1,1,1,1,0,9
723,723,723,723,0,0,0,1,1,-1,-1,0,0,1
724,724,724,724,-1,0,1,-1,0,0,0,1,0,7
725,725,725,725,1,-1,0,1,0,-1,0,0,0,7
726,726,726,726,0,-1,-1,0,0,0,1,0,1,1
727,727,727,727,-1,1,0,0,0,0,0,0,0,5
728,728,728,728,0,0,0,0,0,1,-1,0,0,5
729,729,729,729,-1,-1,1,1,0,0,-1,0,1,6
730,730,730,730,1,-1,0,-1,0,-1,0,1,1,5
731,731,731,731,1,0,-1,0,1,0,-1,0,0,9
732,732,732,732,-1,-1,1,-1,-1,1,1,1,0,9
733,733,733,733,1,-1,-1,-1,1,0,1,1,-1,6
734,734,734,734,0,0,0,-1,0,0,0,0,1,1
735,735,735,735,0,0,0,0,-1,0,0,0,1,1
736,736,736,736,0,0,0,0,0,1,0,-1,0,5
737,737,737,737,0,-1,0,1,0,0,0,0,0,5
738,738,738,738,-1,0,1,0,0,0,0,0,0,7
739,739,739,739,0,0,0,1,-1,0,0,0,0,1
740,740,740,740,0,1,1,-1,0,-1,0,0,0,1
741,741,741,741,0,1,0,1,-1,-1,0,0,0,1
742,742,742,742,0,0,-1,0,0,0,0,0,1,1
743,743,743,743,1,1,-1,-1,0,-1,-1,1,1,5
744,744,744,744,-1,0,1,0,-1,0,-1,1,1,6
745,745,745,745,-1,0,0,0,1,0,0,0,0,7
746,746,746,746,-1,-1,1,1,0,-1,1,0,0,5
747,747,747,747,0,0,0,-1,-1,0,1,1,0,9
748,748,748,748,0,0,1,1,0,-1,0,0,-1,7
749,749,749,749,0,-1,0,1,0,1,0,-1,0,5
750,750,750,750,0,1,-1,0,0,1,0,0,-1,5
751,751,751,751,-1,0,0,0,1,0,1,0,-1,3
752,752,752,752,0,0,-1,1,0,-1,0,1,0,9
753,753,753,753,-1,1,1,0,1,0,-1,-1,0,4
754,754,754,754,-1,1,-1,-1,1,0,0,0,1,8
755,755,755,755,0,1,-1,-1,0,0,1,0,0,8
756,756,756,756,0,0,0,-1,1,-1,1,0,0,3
757,757,757,757,0,1,0,0,0,-1,0,1,-1,5
758,758,758,758,1,0,0,0,0,0,0,-1,0,9
759,759,759,759,0,0,0,0,0,0,0,1,-1,5
760,760,760,760,1,-1,0,-1,0,1,1,-1,0,5
761,761,761,761,0,1,-1,0,0,0,0,0,0,5
762,762,762,762,-1,-1,1,1,-1,-1,1,0,1,8
763,763,763,763,0,0,-1,0,0,0,1,0,0,1
764,764,764,764,1,-1,1,-1,0,-1,1,1,-1,5
765,765,765,765,-1,0,1,1,0,0,-1,-1,1,6
766,766,766,766,1,0,0,1,-1,0,-1,0,0,3
767,767,767,767,0,0,1,-1,0,0,0,1,-1,2
768,768,768,768,1,-1,-1,0,1,-1,0,1,0,9
769,769,769,769,0,0,-1,0,0,1,1,-1,0,4
770,770,770,770,0,-1,-1,-1,1,1,-1,1,1,1
771,771,771,771,-1,1,1,0,0,0,-1,0,0,4
772,772,772,772,0,0,1,0,0,-1,0,0,0,5
773,773,773,773,0,0,1,0,0,0,-1,1,-1,2
774,774,774,774,1,0,0,0,-1,0,0,0,0,9
775,775,775,775,1,-1,-1,1,0,1,-1,1,-1,5
776,776,776,776,0,-1,0,0,0,0,0,0,1,1
777,777,777,777,1,0,-1,1,-1,1,0,0,-1,7
778,778,778,778,0,-1,1,-1,1,1,0,-1,0,7
779,779,779,779,-1,0,1,-1,0,1,0,0,0,9
780,780,780,780,1,1,-1,0,0,-1,-1,0,1,5
781,781,781,781,1,-1,1,-1,0,-1,1,1,-1,5
782,782,782,782,1,0,0,0,-1,0,0,1,-1,3
783,783,783,783,0,0,-1,0,0,0,0,0,1,1
784,784,784,784,1,-1,0,0,0,-1,1,0,0,4
785,785,785,785,0,1,-1,1,-1,0,1,-1,0,1
786,786,786,786,1,1,0,0,0,-1,-1,0,0,3
787,787,787,787,0,0,1,0,-1,0,1,-1,0,2
788,788,788,788,0,-1,0,0,0,1,0,0,0,5
789,789,789,789,-1,1,0,0,0,0,0,0,0,5
790,790,790,790,1,0,0,0,0,0,0,0,-1,3
791,791,791,791,1,-1,0,-1,1,1,-1,1,-1,3
792,792,792,792,0,0,0,-1,0,0,0,0,1,1
793,793,793,793,-1,1,0,1,1,-1,-1,-1,1,3
794,794,794,794,1,0,0,-1,0,-1,1,0,0,5
795,795,795,795,1,-1,1,0,0,-1,1,-1,0,4
796,796,796,796,-1,0,0,1,-1,1,-1,1,0,3
797,797,797,797,1,1,0,-1,0,0,-1,-1,1,3
798,798,798,798,0,0,1,1,-1,0,0,0,-1,1
799,799,799,799,-1,1,0,-1,-1,0,0,1,1,7
800,800,800,800,0,1,1,-1,0,0,0,-1,0,1
801,801,801,801,-1,-1,0,1,0,1,-1,1,0,5
802,802,802,802,1,0,-1,0,0,0,-1,0,1,5
803,803,803,803,0,1,0,-1,1,0,-1,-1,1,1
804,804,804,804,0,0,0,-1,1,-1,0,0,1,1
805,805,805,805,0,0,0,0,1,0,-1,1,-1,2
806,806,806,806,1,0,-1,0,0,0,0,0,0,9
807,807,807,807,0,1,-1,0,1,1,-1,0,-1,4
808,808,808,808,0,0,1,0,-1,1,-1,0,0,9
809,809,809,809,1,0,0,1,0,0,-1,0,-1,8
810,810,810,810,1,1,-1,1,-1,-1,0,-1,1,7
811,811,811,811,0,0,-1,0,0,0,0,0,1,1
812,812,812,812,1,-1,0,0,-1,-1,1,1,0,9
813,813,813,813,0,1,-1,1,0,0,-1,1,-1,5
814,814,814,814,0,-1,-1,0,-1,1,1,1,0,9
815,815,815,815,-1,1,0,1,-1,0,1,-1,0,9
816,816,816,816,0,1,0,0,0,0,0,0,-1,5
817,817,817,817,-1,-1,0,1,0,0,0,1,0,3
818,818,818,818,0,0,0,0,0,0,0,1,-1,5
819,819,819,819,0,0,1,1,-1,0,0,0,-1,1
820,820,820,820,0,0,1,0,0,0,0,0,-1,7
821,821,821,821,0,1,-1,0,0,0,0,0,0,5
822,822,822,822,0,1,-1,1,0,0,0,-1,0,5
823,823,823,823,0,0,0,1,0,0,0,-1,0,5
824,824,824,824,0,0,0,-1,0,1,1,0,-1,5
825,825,825,825,1,1,0,-1,0,0,0,0,-1,3
826,826,826,826,-1,0,0,0,0,0,1,1,-1,5
827,827,827,827,0,0,0,1,-1,-1,1,1,-1,1
828,828,828,828,1,0,0,0,0,0,-1,0,0,9
829,829,829,829,0,0,1,0,0,0,0,-1,0,7
830,830,830,830,-1,0,-1,1,1,0,1,0,-1,6
831,831,831,831,-1,1,0,-1,-1,1,1,0,0,9
832,832,832,832,1,1,-1,-1,-1,0,0,1,0,7
833,833,833,833,0,1,0,0,0,0,0,0,-1,5
834,834,834,834,1,0,1,-1,-1,0,0,-1,1,2
835,835,835,835,1,0,0,0,0,0,0,-1,0,9
836,836,836,836,-1,-1,0,1,1,0,-1,0,1,6
837,837,837,837,1,1,-1,1,-1,-1,0,-1,1,7
838,838,838,838,-1,1,1,-1,1,1,0,-1,-1,7
839,839,839,839,-1,0,1,0,0,-1,1,0,0,5
840,840,840,840,-1,0,-1,1,0,0,1,0,0,2
841,841,841,841,0,0,0,0,1,0,-1,-1,1,1
842,842,842,842,1,1,0,0,0,-1,-1,0,0,3
843,843,843,843,0,1,-1,0,0,1,-1,1,-1,5
844,844,844,844,0,1,1,0,-1,-1,-1,1,0,1
845,845,845,845,0,0,-1,0,0,1,0,0,0,5
846,846,846,846,-1,-1,1,1,-1,0,0,0,1,6
847,847,847,847,-1,0,0,0,0,1,0,0,0,9
848,848,848,848,1,0,0,1,-1,0,0,-1,0,7
849,849,849,849,0,0,0,0,-1,0,1,0,0,3
850,850,850,850,-1,0,-1,0,0,0,0,1,1,7
851,851,851,851,0,0,0,0,1,0,-1,0,0,3
852,852,852,852,0,0,0,0,0,-1,0,1,0,5
853,853,853,853,-1,0,0,0,0,1,0,0,0,5
854,854,854,854,-1,1,-1,1,-1,1,1,-1,0,9
855,855,855,855,1,-1,-1,1,-1,0,0,0,1,7
856,856,856,856,0,1,0,0,0,0,0,-1,0,3
857,857,857,857,0,-1,1,1,0,0,0,0,-1,5
858,858,858,858,-1,1,1,0,0,-1,-1,0,1,5
859,859,859,859,0,0,0,0,-1,0,1,0,0,3
860,860,860,860,1,-1,0,0,0,1,-1,1,-1,5
861,861,861,861,1,-1,0,1,-1,1,0,0,-1,7
862,862,862,862,0,0,0,0,0,0,-1,0,1,1
863,863,863,863,0,1,0,-1,1,0,-1,-1,1,1
864,864,864,864,0,1,-1,0,0,0,0,0,0,5
865,865,865,865,1,0,0,0,1,0,-1,0,-1,8
866,866,866,866,0,-1,-1,-1,1,0,1,1,0,9
867,867,867,867,1,-1,0,0,-1,1,0,0,0,8
868,868,868,868,-1,0,1,-1,0,-1,0,1,1,7
869,869,869,869,0,0,-1,0,1,0,-1,1,0,2
870,870,870,870,1,-1,1,-1,0,0,0,1,-1,6
871,871,871,871,-1,1,0,0,0,0,0,0,0,5
872,872,872,872,0,1,1,1,-1,-1,0,-1,0,1
873,873,873,873,-1,1,0,0,0,0,1,-1,0,5
874,874,874,874,-1,0,0,0,0,0,0,1,0,5
875,875,875,875,-1,1,0,0,0,0,0,0,0,5
876,876,876,876,0,-1,0,-1,0,1,-1,1,1,3
877,877,877,877,0,0,0,1,-1,0,-1,0,1,3
878,878,878,878,-1,0,0,0,0,0,1,1,-1,5
879,879,879,879,1,-1,-1,0,0,1,0,0,0,4
880,880,880,880,0,-1,1,1,0,-1,0,0,0,7
881,881,881,881,0,-1,0,1,0,0,0,0,0,5
882,882,882,882,0,1,1,-1,1,-1,0,-1,0,1
883,883,883,883,0,-1,0,1,0,0,0,0,0,5
884,884,884,884,1,-1,1,1,0,-1,-1,-1,1,5
885,885,885,885,0,-1,0,1,0,0,0,0,0,5
886,886,886,886,0,1,0,0,-1,-1,1,0,0,4
887,887,887,887,0,-1,0,0,-1,0,1,0,1,8
888,888,888,888,1,-1,0,1,0,0,-1,-1,1,5
889,889,889,889,0,0,0,1,0,0,0,-1,0,5
890,890,890,890,-1,1,0,0,0,0,1,0,-1,5
891,891,891,891,1,0,-1,-1,1,1,1,-1,-1,2
892,892,892,892,0,-1,1,-1,1,1,0,-1,0,9
893,893,893,893,-1,0,1,0,1,-1,0,1,-1,2
894,894,894,894,-1,1,0,-1,0,0,1,-1,1,3
895,895,895,895,1,0,1,-1,0,-1,-1,0,1,2
896,896,896,896,0,1,0,0,-1,1,0,0,-1,1
897,897,897,897,-1,1,-1,1,1,0,1,-1,-1,6
898,898,898,898,-1,0,0,-1,1,0,0,1,0,2
899,899,899,899,-1,-1,0,1,-1,0,1,0,1,8
900,900,900,900,0,0,0,-1,0,-1,1,1,0,9
901,901,901,901,1,0,-1,-1,0,-1,1,0,1,8
902,902,902,902,0,0,0,-1,1,0,0,0,0,3
903,903,903,903,0,0,0,0,-1,0,0,0,1,1
904,904,904,904,0,0,1,-1,1,-1,-1,1,0,2
905,905,905,905,1,0,0,-1,0,0,0,0,0,9
906,906,906,906,-1,0,-1,1,0,1,0,1,-1,5
907,907,907,907,-1,-1,0,1,0,0,1,0,0,3
908,908,908,908,0,1,1,-1,0,0,-1,0,0,1
909,909,909,909,0,1,0,1,0,0,-1,-1,0,9
910,910,910,910,0,0,-1,0,0,0,0,1,0,5
911,911,911,911,0,0,-1,-1,1,1,-1,1,0,2
912,912,912,912,0,-1,0,1,1,0,0,-1,0,6
913,913,913,913,-1,0,0,0,0,0,1,0,0,3
914,914,914,914,0,0,-1,0,0,0,1,0,0,1
915,915,915,915,0,0,0,0,-1,0,1,1,-1,1
916,916,916,916,0,-1,1,0,0,0,0,0,0,7
917,917,917,917,0,-1,-1,-1,1,1,0,1,0,1
918,918,918,918,1,0,0,0,0,0,0,0,-1,3
919,919,919,919,0,0,0,0,0,-1,0,0,1,1
920,920,920,920,1,0,0,0,0,0,-1,0,0,9
921,921,921,921,-1,0,1,-1,1,1,0,0,-1,7
922,922,922,922,0,0,0,0,1,0,-1,0,0,1
923,923,923,923,1,0,-1,1,0,0,0,0,-1,7
924,924,924,924,1,0,0,-1,0,0,0,0,0,9
925,925,925,925,-1,0,0,1,0,0,1,-1,0,5
926,926,926,926,0,0,0,0,0,-1,0,1,0,5
927,927,927,927,-1,-1,0,1,1,-1,0,1,0,3
928,928,928,928,1,0,0,-1,1,1,-1,0,-1,8
929,929,929,929,0,-1,1,-1,0,0,0,0,1,6
930,930,930,930,0,-1,0,0,0,0,1,-1,1,5
931,931,931,931,1,0,0,-1,1,0,0,-1,0,9
932,932,932,932,0,0,1,-1,0,0,-1,1,0,1
933,933,933,933,1,0,1,-1,0,0,1,-1,-1,2
934,934,934,934,-1,0,0,0,1,0,1,0,-1,3
935,935,935,935,0,1,-1,0,0,0,0,0,0,5
936,936,936,936,-1,1,-1,1,1,-1,-1,0,1,8
937,937,937,937,1,-1,-1,-1,0,0,0,1,1,7
938,938,938,938,0,0,0,0,-1,0,1,1,-1,1
939,939,939,939,1,1,0,-1,0,0,-1,0,0,3
940,940,940,940,0,0,0,-1,0,1,1,-1,0,3
941,941,941,941,0,0,0,-1,0,0,0,1,0,5
942,942,942,942,0,0,-1,0,1,0,0,1,-1,2
943,943,943,943,0,0,0,1,0,0,0,0,-1,5
944,944,944,944,0,1,0,0,0,-1,0,0,0,5
945,945,945,945,0,0,1,-1,0,0,0,0,0,7
946,946,946,946,0,0,0,0,-1,0,1,0,0,3
947,947,947,947,0,0,0,0,0,1,0,0,-1,5
948,948,948,948,0,0,0,1,-1,0,0,1,-1,1
949,949,949,949,0,-1,-1,1,0,0,1,0,0,1
950,950,950,950,0,1,0,-1,0,-1,0,0,1,5
951,951,951,951,-1,0,-1,0,0,0,0,1,1,7
952,952,952,952,-1,0,0,0,0,1,0,0,0,5
953,953,953,953,1,1,0,-1,1,-1,-1,0,0,8
954,954,954,954,0,1,-1,0,0,0,-1,0,1,5
955,955,955,955,1,-1,0,1,0,0,0,-1,0,7
956,956,956,956,0,0,0,-1,0,1,0,-1,1,3
957,957,957,957,-1,0,0,0,0,0,1,0,0,3
958,958,958,958,0,-1,0,1,-1,1,0,0,0,8
959,959,959,959,0,0,-1,0,0,0,1,0,0,1
960,960,960,960,-1,-1,0,0,0,1,0,1,0,3
961,961,961,961,-1,1,-1,0,0,-1,1,1,0,5
962,962,962,962,0,-1,-1,1,-1,0,0,1,1,7
963,963,963,963,0,0,-1,0,0,0,1,0,0,1
964,964,964,964,0,-1,0,0,0,0,0,0,1,1
965,965,965,965,-1,0,1,1,0,0,0,-1,0,5
966,966,966,966,-1,1,0,0,-1,1,-1,0,1,3
967,967,967,967,0,0,1,0,0,0,0,0,-1,7
968,968,968,968,0,0,0,0,1,-1,0,0,0,1
969,969,969,969,1,0,1,-1,0,-1,1,0,-1,2
970,970,970,970,0,0,-1,1,0,0,0,0,0,5
971,971,971,971,0,-1,1,0,-1,-1,1,1,0,9
972,972,972,972,0,1,0,-1,0,0,0,0,0,5
973,973,973,973,0,1,0,0,0,0,-1,-1,1,3
974,974,974,974,0,1,0,0,0,-1,0,1,-1,5
975,975,975,975,0,0,0,0,0,0,-1,1,0,5
976,976,976,976,0,0,0,0,1,0,-1,0,0,1
977,977,977,977,-1,1,1,0,0,-1,1,-1,0,5
978,978,978,978,1,-1,1,1,0,-1,-1,1,-1,5
979,979,979,979,0,-1,0,1,0,0,0,0,0,5
980,980,980,980,0,0,0,0,1,0,0,-1,0,1
981,981,981,981,1,-1,-1,-1,0,1,0,1,0,9
982,982,982,982,0,0,1,0,0,-1,1,-1,0,5
983,983,983,983,-1,0,1,0,0,-1,1,1,-1,5
984,984,984,984,1,1,0,1,-1,0,0,-1,-1,3
985,985,985,985,-1,0,1,0,1,-1,-1,0,1,4
986,986,986,986,0,1,-1,0,1,0,-1,-1,1,1
987,987,987,987,-1,-1,0,1,-1,0,1,1,0,9
988,988,988,988,1,-1,0,0,1,1,-1,0,-1,4
989,989,989,989,1,-1,0,0,1,-1,-1,1,0,9
990,990,990,990,0,0,0,1,0,-1,1,0,-1,1
991,991,991,991,0,0,0,0,-1,1,0,0,0,3
992,992,992,992,-1,0,-1,1,0,1,1,0,-1,5
993,993,993,993,0,1,0,0,0,0,0,0,-1,5
994,994,994,994,0,1,-1,-1,0,1,-1,0,1,1
995,995,995,995,0,0,0,0,-1,0,1,0,0,3
996,996,996,996,0,0,-1,0,0,0,1,0,0,1
997,997,997,997,0,0,1,0,0,0,-1,0,0,1
998,998,998,998,0,0,0,0,-1,0,1,1,-1,1
999,999,999,999,-1,0,1,-1,1,0,0,1,-1,7
1000,1000,1000,1000,0,1,0,0,-1,0,1,-1,0,1
1001,1001,1001,1001,0,0,0,0,-1,0,1,0,0,3
1002,1002,1002,1002,0,-1,-1,0,1,0,1,1,-1,6
1003,1003,1003,1003,-1,0,1,0,1,0,-1,1,-1,2
1004,1004,1004,1004,0,1,0,1,-1,-1,1,0,-1,1
1005,1005,1005,1005,0,0,0,0,1,-1,0,0,0,1
1006,1006,1006,1006,0,-1,1,0,-1,1,-1,1,0,9
1007,1007,1007,1007,-1,0,1,0,0,0,1,-1,0,5
1008,1008,1008,1008,0,-1,1,0,-1,0,1,0,0,8
1009,1009,1009,1009,1,1,-1,0,-1,0,0,0,0,7
1010,1010,1010,1010,1,-1,1,-1,0,-1,-1,1,1,5
1011,1011,1011,1011,1,-1,0,0,-1,1,-1,1,0,3
1012,1012,1012,1012,1,0,-1,0,0,0,0,-1,1,5
1013,1013,1013,1013,1,0,0,-1,0,1,-1,0,0,3
1014,1014,1014,1014,-1,0,1,0,0,0,0,0,0,7
1015,1015,1015,1015,1,0,0,-1,0,0,0,0,0,9
1016,1016,1016,1016,0,0,0,-1,0,0,0,1,0,5
1017,1017,1017,1017,-1,0,0,0,-1,1,0,0,1,3
1018,1018,1018,1018,-1,0,1,0,0,0,-1,0,1,6
1019,1019,1019,1019,0,0,0,0,0,0,1,0,-1,3
1020,1020,1020,1020,0,1,-1,0,-1,1,0,1,-1,7
1021,1021,1021,1021,0,-1,0,0,1,0,0,0,0,7
1022,1022,1022,1022,1,0,-1,-1,-1,1,0,0,1,7
1023,1023,1023,1023,1,0,0,0,0,0,0,0,-1,3
1024,1024,1024,1024,0,0,0,1,0,1,-1,0,-1,5
1025,1025,1025,1025,1,-1,1,-1,0,-1,1,1,-1,5
1026,1026,1026,1026,0,-1,0,0,1,0,0,0,0,9
1027,1027,1027,1027,1,1,0,0,-1,0,0,-1,0,3
1028,1028,1028,1028,0,1,0,0,0,0,0,-1,0,1
1029,1029,1029,1029,0,0,0,1,0,0,0,0,-1,5
1030,1030,1030,1030,0,0,-1,0,0,0,1,0,0,1
1031,1031,1031,1031,1,-1,0,1,0,0,0,0,-1,7
1032,1032,1032,1032,0,0,-1,0,0,0,0,0,1,1
1033,1033,1033,1033,0,1,0,-1,0,0,-1,1,0,5
1034,1034,1034,1034,0,0,0,0,0,0,-1,1,0,5
1035,1035,1035,1035,0,-1,1,1,0,0,-1,0,0,6
1036,1036,1036,1036,0,-1,0,0,1,0,0,1,-1,4
1037,1037,1037,1037,0,1,0,0,1,0,0,-1,-1,7
1038,1038,1038,1038,0,1,0,-1,0,0,0,0,0,5
1039,1039,1039,1039,0,0,0,0,1,0,0,0,-1,3
1040,1040,1040,1040,0,0,0,0,0,0,-1,0,1,1
1041,1041,1041,1041,0,0,0,0,1,0,0,-1,0,1
1042,1042,1042,1042,0,-1,-1,0,0,1,0,0,1,1
1043,1043,1043,1043,1,0,0,0,0,0,0,-1,0,3
1044,1044,1044,1044,0,0,1,-1,0,0,0,0,0,7
1045,1045,1045,1045,-1,0,1,0,0,0,1,-1,0,5
1046,1046,1046,1046,-1,1,0,0,0,0,1,-1,0,5
1047,1047,1047,1047,0,0,0,-1,1,1,-1,0,0,1
1048,1048,1048,1048,1,0,0,-1,0,-1,1,1,-1,5
1049,1049,1049,1049,1,0,1,0,-1,-1,0,0,0,2
1050,1050,1050,1050,1,0,-1,0,-1,0,0,0,1,7
1051,1051,1051,1051,1,0,0,0,0,0,0,0,-1,3
1052,1052,1052,1052,0,0,0,0,0,1,0,0,-1,5
1053,1053,1053,1053,1,-1,0,0,0,0,1,0,-1,4
1054,1054,1054,1054,0,1,0,0,0,-1,0,0,0,5
1055,1055,1055,1055,0,0,-1,1,0,1,1,-1,-1,5
1056,1056,1056,1056,1,0,0,0,0,0,0,-1,0,9
1057,1057,1057,1057,1,0,0,1,0,0,-1,0,-1,8
1058,1058,1058,1058,1,-1,-1,0,-1,1,1,0,0,4
1059,1059,1059,1059,0,1,-1,-1,1,1,-1,-1,1,1
1060,1060,1060,1060,0,0,-1,1,-1,0,0,0,1,7
1061,1061,1061,1061,-1,0,0,0,0,0,0,0,1,3
1062,1062,1062,1062,0,-1,0,0,0,0,1,0,0,3
1063,1063,1063,1063,0,0,0,0,0,-1,0,0,1,1
1064,1064,1064,1064,1,0,0,-1,1,0,1,-1,-1,3
1065,1065,1065,1065,1,-1,0,0,0,0,1,-1,0,4
1066,1066,1066,1066,0,0,0,0,0,-1,1,0,0,3
1067,1067,1067,1067,1,0,0,0,0,0,0,-1,0,9
1068,1068,1068,1068,0,-1,0,0,0,-1,1,0,1,8
1069,1069,1069,1069,1,-1,1,-1,0,0,0,0,0,5
1070,1070,1070,1070,-1,0,1,1,0,-1,0,0,0,7
1071,1071,1071,1071,0,0,-1,-1,0,0,0,1,1,7
1072,1072,1072,1072,1,0,0,1,-1,0,-1,-1,1,3
1073,1073,1073,1073,1,1,-1,0,-1,-1,1,0,0,4
1074,1074,1074,1074,1,-1,-1,1,0,0,0,0,0,7
1075,1075,1075,1075,0,0,0,0,1,1,-1,0,-1,4
1076,1076,1076,1076,0,0,0,0,0,0,-1,1,0,2
1077,1077,1077,1077,0,1,0,1,0,0,-1,0,-1,8
1078,1078,1078,1078,-1,0,0,1,0,0,0,1,-1,5
1079,1079,1079,1079,0,0,-1,1,0,-1,0,0,1,7
1080,1080,1080,1080,1,-1,0,1,0,0,0,0,-1,7
1081,1081,1081,1081,1,-1,0,0,-1,0,-1,1,1,3
1082,1082,1082,1082,0,-1,-1,1,0,0,1,0,0,1
1083,1083,1083,1083,-1,0,1,1,-1,1,0,-1,0,9
1084,1084,1084,1084,-1,1,1,0,-1,1,0,-1,0,9
1085,1085,1085,1085,0,0,-1,0,0,0,1,0,0,1
1086,1086,1086,1086,1,1,-1,0,0,0,-1,-1,1,5
1087,1087,1087,1087,0,0,0,-1,1,0,1,0,-1,3
1088,1088,1088,1088,1,-1,0,-1,1,1,1,-1,-1,3
1089,1089,1089,1089,-1,0,0,0,0,0,0,0,1,7
1090,1090,1090,1090,0,0,-1,0,0,1,0,0,0,5
1091,1091,1091,1091,0,-1,0,0,0,-1,1,0,1,8
1092,1092,1092,1092,1,0,-1,0,1,0,-1,0,0,9
1093,1093,1093,1093,0,0,0,1,0,0,-1,0,0,5
1094,1094,1094,1094,0,0,1,-1,0,0,0,0,0,7
1095,1095,1095,1095,-1,0,-1,0,0,1,-1,1,1,2
1096,1096,1096,1096,-1,1,0,-1,1,0,1,0,-1,8
1097,1097,1097,1097,0,-1,0,0,1,0,1,0,-1,3
1098,1098,1098,1098,-1,0,1,0,0,1,-1,1,-1,4
1099,1099,1099,1099,-1,0,1,-1,0,1,0,0,0,9
1100,1100,1100,1100,0,1,0,0,0,0,0,0,-1,5
1101,1101,1101,1101,-1,0,1,0,-1,-1,1,0,1,8
1102,1102,1102,1102,-1,0,0,-1,1,0,1,0,0,3
1103,1103,1103,1103,1,0,1,0,0,-1,-1,-1,1,5
1104,1104,1104,1104,-1,-1,0,1,-1,1,0,1,0,9
1105,1105,1105,1105,0,0,1,0,0,0,0,-1,0,7
1106,1106,1106,1106,0,0,-1,0,-1,1,1,0,0,1
1107,1107,1107,1107,0,-1,-1,-1,1,1,0,0,1,1
1108,1108,1108,1108,0,-1,-1,0,1,0,0,0,1,1
1109,1109,1109,1109,0,0,1,0,0,0,0,0,-1,7
1110,1110,1110,1110,0,0,0,0,1,0,0,-1,0,1
1111,1111,1111,1111,1,0,-1,1,0,0,0,0,-1,7
1112,1112,1112,1112,0,-1,0,0,-1,1,0,0,1,3
1113,1113,1113,1113,0,-1,0,0,1,0,-1,1,0,9
1114,1114,1114,1114,1,-1,1,0,0,0,1,-1,-1,5
1115,1115,1115,1115,-1,0,0,0,1,1,-1,-1,1,4
1116,1116,1116,1116,0,0,0,0,1,0,0,-1,0,1
1117,1117,1117,1117,-1,-1,1,1,0,0,-1,1,0,6
1118,1118,1118,1118,1,1,0,0,0,-1,-1,1,-1,3
1119,1119,1119,1119,0,0,-1,1,-1,-1,0,1,1,7
1120,1120,1120,1120,-1,0,0,1,-1,0,0,0,1,7
1121,1121,1121,1121,0,0,-1,0,-1,0,1,0,1,8
1122,1122,1122,1122,0,0,1,-1,-1,0,0,0,1,6
1123,1123,1123,1123,0,0,1,0,0,-1,0,0,0,7
1124,1124,1124,1124,1,0,1,-1,1,-1,-1,0,0,2
1125,1125,1125,1125,0,0,-1,0,-1,1,0,0,1,7
